CREATE TABLE "Users" (
    "UserId" SERIAL PRIMARY KEY,
    "Name" VARCHAR NOT NULL,
    "Email" VARCHAR NOT NULL,
    "Password" VARCHAR NOT NULL,
    "VolumeLevel" INT,
    "RefreshFrequency" INT,
    "CreatedAt" TIMESTAMPTZ NOT NULL,
    "UpdatedAt" TIMESTAMPTZ NOT NULL
);

CREATE TABLE "Categories" (
    "CategoryId" SERIAL PRIMARY KEY,
    "CategoryName" VARCHAR NOT NULL,
    "CreatedAt" TIMESTAMPTZ NOT NULL,
    "UpdatedAt" TIMESTAMPTZ NOT NULL
);

CREATE TABLE "Topics" (
    "TopicId" SERIAL PRIMARY KEY,
    "CategoryId" INT REFERENCES "Categories"("CategoryId") ON DELETE CASCADE,
    "TopicName" VARCHAR NOT NULL,
    "CreatedAt" TIMESTAMPTZ NOT NULL,
    "UpdatedAt" TIMESTAMPTZ NOT NULL
);

CREATE TABLE "Questions" (
    "QuestionId" SERIAL PRIMARY KEY,
    "TopicId" INT REFERENCES "Topics"("TopicId") ON DELETE CASCADE,
    "QuestionText" TEXT NOT NULL,
    "CreatedAt" TIMESTAMPTZ NOT NULL,
    "UpdatedAt" TIMESTAMPTZ NOT NULL
);

CREATE TABLE "Conversations" (
    "ConversationId" SERIAL PRIMARY KEY,
    "UserId" INT REFERENCES "Users"("UserId") ON DELETE CASCADE,
    "TopicId" INT REFERENCES "Topics"("TopicId") ON DELETE SET NULL,
    "QuestionId" INT REFERENCES "Questions"("QuestionId") ON DELETE SET NULL,
    "StartTime" TIMESTAMPTZ NOT NULL,
    "EndTime" TIMESTAMPTZ,
    "AudioFilePath" VARCHAR,
    "OnTopicAnalysis" TEXT,
    "CreatedAt" TIMESTAMPTZ NOT NULL, 
    "UpdatedAt" TIMESTAMPTZ NOT NULL
);

INSERT INTO "Users" ("Name", "Email", "Password", "VolumeLevel", "RefreshFrequency", "CreatedAt", "UpdatedAt")
VALUES 
('Marijn', 'marijndemul@gmail.com', 'bQSdft8/AympJ5tjAAwK/g==:SihrkD9xips7hbCIqQeseoY2GdhfLEPoDh+IoYt5c6U=', 50, 10, '2024-11-13 21:53:00', '2024-11-13 21:53:00');

INSERT INTO "Categories" ("CategoryId", "CategoryName", "CreatedAt", "UpdatedAt")
VALUES 
(1, 'Science', '2024-11-13 21:53:00', '2024-11-13 21:53:00'),
(2, 'Technology', '2024-11-13 21:53:00', '2024-11-13 21:53:00'),
(3, 'History', '2024-11-13 21:53:00', '2024-11-13 21:53:00'),
(4, 'Geography', '2024-11-13 21:53:00', '2024-11-13 21:53:00'),
(5, 'Art', '2024-11-13 21:53:00', '2024-11-13 21:53:00'),
(6, 'Literature', '2024-11-13 21:53:00', '2024-11-13 21:53:00'),
(7, 'Sports', '2024-11-13 21:53:00', '2024-11-13 21:53:00'),
(8, 'Entertainment', '2024-11-13 21:53:00', '2024-11-13 21:53:00'),
(9, 'Health', '2024-11-13 21:53:00', '2024-11-13 21:53:00'),
(10, 'Business', '2024-11-13 21:53:00', '2024-11-13 21:53:00'),
(11, 'Philosophy', '2024-11-13 21:53:00', '2024-11-13 21:53:00'),
(12, 'Psychology', '2024-11-13 21:53:00', '2024-11-13 21:53:00'),
(13, 'Education', '2024-11-13 21:53:00', '2024-11-13 21:53:00'),
(14, 'Environment', '2024-11-13 21:53:00', '2024-11-13 21:53:00'),
(15, 'Politics', '2024-11-13 21:53:00', '2024-11-13 21:53:00');

INSERT INTO "Topics" ("CategoryId", "TopicName", "CreatedAt", "UpdatedAt")
VALUES
(1, 'Physics', '2024-11-13 21:53:00', '2024-11-13 21:53:00'),
(1, 'Biology', '2024-11-13 21:53:00', '2024-11-13 21:53:00'),
(1, 'Chemistry', '2024-11-13 21:53:00', '2024-11-13 21:53:00'),
(1, 'Astronomy', '2024-11-13 21:53:00', '2024-11-13 21:53:00'),
(1, 'Genetics', '2024-11-13 21:53:00', '2024-11-13 21:53:00'),

(2, 'Artificial Intelligence', '2024-11-13 21:53:00', '2024-11-13 21:53:00'),
(2, 'Cybersecurity', '2024-11-13 21:53:00', '2024-11-13 21:53:00'),
(2, 'Software Development', '2024-11-13 21:53:00', '2024-11-13 21:53:00'),
(2, 'Blockchain', '2024-11-13 21:53:00', '2024-11-13 21:53:00'),
(2, 'Robotics', '2024-11-13 21:53:00', '2024-11-13 21:53:00'),

(3, 'World Wars', '2024-11-13 21:53:00', '2024-11-13 21:53:00'),
(3, 'Ancient Civilizations', '2024-11-13 21:53:00', '2024-11-13 21:53:00'),
(3, 'Industrial Revolution', '2024-11-13 21:53:00', '2024-11-13 21:53:00'),
(3, 'Historical Leaders', '2024-11-13 21:53:00', '2024-11-13 21:53:00'),
(3, 'History of Science', '2024-11-13 21:53:00', '2024-11-13 21:53:00'),

(4, 'Continents', '2024-11-13 21:53:00', '2024-11-13 21:53:00'),
(4, 'Oceans', '2024-11-13 21:53:00', '2024-11-13 21:53:00'),
(4, 'Natural Disasters', '2024-11-13 21:53:00', '2024-11-13 21:53:00'),
(4, 'World Capitals', '2024-11-13 21:53:00', '2024-11-13 21:53:00'),
(4, 'Biomes and Ecosystems', '2024-11-13 21:53:00', '2024-11-13 21:53:00'),

(5, 'Renaissance Art', '2024-11-13 21:53:00', '2024-11-13 21:53:00'),
(5, 'Modern Art', '2024-11-13 21:53:00', '2024-11-13 21:53:00'),
(5, 'Impressionism', '2024-11-13 21:53:00', '2024-11-13 21:53:00'),
(5, 'Abstract Art', '2024-11-13 21:53:00', '2024-11-13 21:53:00'),
(5, 'Sculptures', '2024-11-13 21:53:00', '2024-11-13 21:53:00'),

(6, 'Shakespeare', '2024-11-13 21:53:00', '2024-11-13 21:53:00'),
(6, 'Poetry', '2024-11-13 21:53:00', '2024-11-13 21:53:00'),
(6, 'Modern Novels', '2024-11-13 21:53:00', '2024-11-13 21:53:00'),
(6, 'Classic Literature', '2024-11-13 21:53:00', '2024-11-13 21:53:00'),
(6, 'Literary Genres', '2024-11-13 21:53:00', '2024-11-13 21:53:00'),

(7, 'Football', '2024-11-13 21:53:00', '2024-11-13 21:53:00'),
(7, 'Olympics', '2024-11-13 21:53:00', '2024-11-13 21:53:00'),
(7, 'Basketball', '2024-11-13 21:53:00', '2024-11-13 21:53:00'),
(7, 'Tennis', '2024-11-13 21:53:00', '2024-11-13 21:53:00'),
(7, 'Extreme Sports', '2024-11-13 21:53:00', '2024-11-13 21:53:00'),

(8, 'Movies', '2024-11-13 21:53:00', '2024-11-13 21:53:00'),
(8, 'Music Genres', '2024-11-13 21:53:00', '2024-11-13 21:53:00'),
(8, 'Television Series', '2024-11-13 21:53:00', '2024-11-13 21:53:00'),
(8, 'Video Games', '2024-11-13 21:53:00', '2024-11-13 21:53:00'),
(8, 'Celebrities', '2024-11-13 21:53:00', '2024-11-13 21:53:00'),

(9, 'Nutrition', '2024-11-13 21:53:00', '2024-11-13 21:53:00'),
(9, 'Mental Health', '2024-11-13 21:53:00', '2024-11-13 21:53:00'),
(9, 'Exercise Science', '2024-11-13 21:53:00', '2024-11-13 21:53:00'),
(9, 'Medical Innovations', '2024-11-13 21:53:00', '2024-11-13 21:53:00'),
(9, 'Public Health', '2024-11-13 21:53:00', '2024-11-13 21:53:00'),

(10, 'Entrepreneurship', '2024-11-13 21:53:00', '2024-11-13 21:53:00'),
(10, 'Economics', '2024-11-13 21:53:00', '2024-11-13 21:53:00'),
(10, 'Marketing Strategies', '2024-11-13 21:53:00', '2024-11-13 21:53:00'),
(10, 'Investment Basics', '2024-11-13 21:53:00', '2024-11-13 21:53:00'),
(10, 'Corporate Ethics', '2024-11-13 21:53:00', '2024-11-13 21:53:00');

INSERT INTO "Questions" ("QuestionId", "TopicId", "QuestionText", "CreatedAt", "UpdatedAt")
VALUES
(1, 1, 'Who are the key figures or milestones in Physics?', '2024-11-21 14:35:37', '2024-11-21 14:35:37'),
(2, 1, 'How has Physics influenced our lives?', '2024-11-21 14:35:37', '2024-11-21 14:35:37'),
(3, 1, 'What role does Physics play in the world today?', '2024-11-21 14:35:37', '2024-11-21 14:35:37'),
(4, 1, 'Can you share a personal experience related to Physics?', '2024-11-21 14:35:37', '2024-11-21 14:35:37'),
(5, 1, 'How do you think Physics will change in the future?', '2024-11-21 14:35:37', '2024-11-21 14:35:37'),
(6, 1, 'If you could learn one new thing about Physics, what would it be?', '2024-11-21 14:35:37', '2024-11-21 14:35:37'),
(7, 1, 'What challenges exist in understanding or improving Physics?', '2024-11-21 14:35:37', '2024-11-21 14:35:37'),
(8, 1, 'What is the most interesting aspect of Physics to you?', '2024-11-21 14:35:37', '2024-11-21 14:35:37'),
(9, 1, 'How can we make Physics more accessible or understandable?', '2024-11-21 14:35:37', '2024-11-21 14:35:37'),
(10, 1, 'What do you think about Physics?', '2024-11-21 14:35:37', '2024-11-21 14:35:37'),
(11, 2, 'What challenges exist in understanding or improving Biology?', '2024-11-21 14:35:37', '2024-11-21 14:35:37'),
(12, 2, 'What is the most interesting aspect of Biology to you?', '2024-11-21 14:35:37', '2024-11-21 14:35:37'),
(13, 2, 'How can we make Biology more accessible or understandable?', '2024-11-21 14:35:37', '2024-11-21 14:35:37'),
(14, 2, 'Can you share a personal experience related to Biology?', '2024-11-21 14:35:37', '2024-11-21 14:35:37'),
(15, 2, 'How do you think Biology will change in the future?', '2024-11-21 14:35:37', '2024-11-21 14:35:37'),
(16, 2, 'If you could learn one new thing about Biology, what would it be?', '2024-11-21 14:35:37', '2024-11-21 14:35:37'),
(17, 2, 'Who are the key figures or milestones in Biology?', '2024-11-21 14:35:37', '2024-11-21 14:35:37'),
(18, 2, 'What do you think about Biology?', '2024-11-21 14:35:37', '2024-11-21 14:35:37'),
(19, 2, 'What role does Biology play in the world today?', '2024-11-21 14:35:37', '2024-11-21 14:35:37'),
(20, 2, 'How has Biology influenced our lives?', '2024-11-21 14:35:37', '2024-11-21 14:35:37'),
(21, 3, 'How has Chemistry influenced our lives?', '2024-11-21 14:35:37', '2024-11-21 14:35:37'),
(22, 3, 'If you could learn one new thing about Chemistry, what would it be?', '2024-11-21 14:35:37', '2024-11-21 14:35:37'),
(23, 3, 'What do you think about Chemistry?', '2024-11-21 14:35:37', '2024-11-21 14:35:37'),
(24, 3, 'How do you think Chemistry will change in the future?', '2024-11-21 14:35:37', '2024-11-21 14:35:37'),
(25, 3, 'What challenges exist in understanding or improving Chemistry?', '2024-11-21 14:35:37', '2024-11-21 14:35:37'),
(26, 3, 'Can you share a personal experience related to Chemistry?', '2024-11-21 14:35:37', '2024-11-21 14:35:37'),
(27, 3, 'How can we make Chemistry more accessible or understandable?', '2024-11-21 14:35:37', '2024-11-21 14:35:37'),
(28, 3, 'Who are the key figures or milestones in Chemistry?', '2024-11-21 14:35:37', '2024-11-21 14:35:37'),
(29, 3, 'What is the most interesting aspect of Chemistry to you?', '2024-11-21 14:35:37', '2024-11-21 14:35:37'),
(30, 3, 'What role does Chemistry play in the world today?', '2024-11-21 14:35:37', '2024-11-21 14:35:37'),
(31, 4, 'How do you think Astronomy will change in the future?', '2024-11-21 14:35:37', '2024-11-21 14:35:37'),
(32, 4, 'What do you think about Astronomy?', '2024-11-21 14:35:37', '2024-11-21 14:35:37'),
(33, 4, 'If you could learn one new thing about Astronomy, what would it be?', '2024-11-21 14:35:37', '2024-11-21 14:35:37'),
(34, 4, 'Can you share a personal experience related to Astronomy?', '2024-11-21 14:35:37', '2024-11-21 14:35:37'),
(35, 4, 'How can we make Astronomy more accessible or understandable?', '2024-11-21 14:35:37', '2024-11-21 14:35:37'),
(36, 4, 'Who are the key figures or milestones in Astronomy?', '2024-11-21 14:35:37', '2024-11-21 14:35:37'),
(37, 4, 'How has Astronomy influenced our lives?', '2024-11-21 14:35:37', '2024-11-21 14:35:37'),
(38, 4, 'What is the most interesting aspect of Astronomy to you?', '2024-11-21 14:35:37', '2024-11-21 14:35:37'),
(39, 4, 'What role does Astronomy play in the world today?', '2024-11-21 14:35:37', '2024-11-21 14:35:37'),
(40, 4, 'What challenges exist in understanding or improving Astronomy?', '2024-11-21 14:35:37', '2024-11-21 14:35:37'),
(41, 5, 'How do you think Genetics will change in the future?', '2024-11-21 14:35:37', '2024-11-21 14:35:37'),
(42, 5, 'How can we make Genetics more accessible or understandable?', '2024-11-21 14:35:37', '2024-11-21 14:35:37'),
(43, 5, 'Can you share a personal experience related to Genetics?', '2024-11-21 14:35:37', '2024-11-21 14:35:37'),
(44, 5, 'What do you think about Genetics?', '2024-11-21 14:35:37', '2024-11-21 14:35:37'),
(45, 5, 'What role does Genetics play in the world today?', '2024-11-21 14:35:37', '2024-11-21 14:35:37'),
(46, 5, 'What is the most interesting aspect of Genetics to you?', '2024-11-21 14:35:37', '2024-11-21 14:35:37'),
(47, 5, 'If you could learn one new thing about Genetics, what would it be?', '2024-11-21 14:35:37', '2024-11-21 14:35:37'),
(48, 5, 'How has Genetics influenced our lives?', '2024-11-21 14:35:37', '2024-11-21 14:35:37'),
(49, 5, 'Who are the key figures or milestones in Genetics?', '2024-11-21 14:35:37', '2024-11-21 14:35:37'),
(50, 5, 'What challenges exist in understanding or improving Genetics?', '2024-11-21 14:35:37', '2024-11-21 14:35:37'),
(51, 6, 'How do you think Artificial Intelligence will change in the future?', '2024-11-21 14:35:37', '2024-11-21 14:35:37'),
(52, 6, 'How can we make Artificial Intelligence more accessible or understandable?', '2024-11-21 14:35:37', '2024-11-21 14:35:37'),
(53, 6, 'Who are the key figures or milestones in Artificial Intelligence?', '2024-11-21 14:35:37', '2024-11-21 14:35:37'),
(54, 6, 'What do you think about Artificial Intelligence?', '2024-11-21 14:35:37', '2024-11-21 14:35:37'),
(55, 6, 'If you could learn one new thing about Artificial Intelligence, what would it be?', '2024-11-21 14:35:37', '2024-11-21 14:35:37'),
(56, 6, 'Can you share a personal experience related to Artificial Intelligence?', '2024-11-21 14:35:37', '2024-11-21 14:35:37'),
(57, 6, 'What role does Artificial Intelligence play in the world today?', '2024-11-21 14:35:37', '2024-11-21 14:35:37'),
(58, 6, 'What challenges exist in understanding or improving Artificial Intelligence?', '2024-11-21 14:35:37', '2024-11-21 14:35:37'),
(59, 6, 'How has Artificial Intelligence influenced our lives?', '2024-11-21 14:35:37', '2024-11-21 14:35:37'),
(60, 6, 'What is the most interesting aspect of Artificial Intelligence to you?', '2024-11-21 14:35:37', '2024-11-21 14:35:37'),
(61, 7, 'What role does Cybersecurity play in the world today?', '2024-11-21 14:35:37', '2024-11-21 14:35:37'),
(62, 7, 'How do you think Cybersecurity will change in the future?', '2024-11-21 14:35:37', '2024-11-21 14:35:37'),
(63, 7, 'If you could learn one new thing about Cybersecurity, what would it be?', '2024-11-21 14:35:37', '2024-11-21 14:35:37'),
(64, 7, 'What challenges exist in understanding or improving Cybersecurity?', '2024-11-21 14:35:37', '2024-11-21 14:35:37'),
(65, 7, 'How can we make Cybersecurity more accessible or understandable?', '2024-11-21 14:35:37', '2024-11-21 14:35:37'),
(66, 7, 'What is the most interesting aspect of Cybersecurity to you?', '2024-11-21 14:35:37', '2024-11-21 14:35:37'),
(67, 7, 'What do you think about Cybersecurity?', '2024-11-21 14:35:37', '2024-11-21 14:35:37'),
(68, 7, 'Can you share a personal experience related to Cybersecurity?', '2024-11-21 14:35:37', '2024-11-21 14:35:37'),
(69, 7, 'How has Cybersecurity influenced our lives?', '2024-11-21 14:35:37', '2024-11-21 14:35:37'),
(70, 7, 'Who are the key figures or milestones in Cybersecurity?', '2024-11-21 14:35:37', '2024-11-21 14:35:37'),
(71, 8, 'Who are the key figures or milestones in Software Development?', '2024-11-21 14:35:37', '2024-11-21 14:35:37'),
(72, 8, 'Can you share a personal experience related to Software Development?', '2024-11-21 14:35:37', '2024-11-21 14:35:37'),
(73, 8, 'How can we make Software Development more accessible or understandable?', '2024-11-21 14:35:37', '2024-11-21 14:35:37'),
(74, 8, 'If you could learn one new thing about Software Development, what would it be?', '2024-11-21 14:35:37', '2024-11-21 14:35:37'),
(75, 8, 'What challenges exist in understanding or improving Software Development?', '2024-11-21 14:35:37', '2024-11-21 14:35:37'),
(76, 8, 'How do you think Software Development will change in the future?', '2024-11-21 14:35:37', '2024-11-21 14:35:37'),
(77, 8, 'How has Software Development influenced our lives?', '2024-11-21 14:35:37', '2024-11-21 14:35:37'),
(78, 8, 'What role does Software Development play in the world today?', '2024-11-21 14:35:37', '2024-11-21 14:35:37'),
(79, 8, 'What is the most interesting aspect of Software Development to you?', '2024-11-21 14:35:37', '2024-11-21 14:35:37'),
(80, 8, 'What do you think about Software Development?', '2024-11-21 14:35:37', '2024-11-21 14:35:37'),
(81, 9, 'If you could learn one new thing about Blockchain, what would it be?', '2024-11-21 14:35:37', '2024-11-21 14:35:37'),
(82, 9, 'How do you think Blockchain will change in the future?', '2024-11-21 14:35:37', '2024-11-21 14:35:37'),
(83, 9, 'Can you share a personal experience related to Blockchain?', '2024-11-21 14:35:37', '2024-11-21 14:35:37'),
(84, 9, 'What do you think about Blockchain?', '2024-11-21 14:35:37', '2024-11-21 14:35:37'),
(85, 9, 'How can we make Blockchain more accessible or understandable?', '2024-11-21 14:35:37', '2024-11-21 14:35:37'),
(86, 9, 'What role does Blockchain play in the world today?', '2024-11-21 14:35:37', '2024-11-21 14:35:37'),
(87, 9, 'Who are the key figures or milestones in Blockchain?', '2024-11-21 14:35:37', '2024-11-21 14:35:37'),
(88, 9, 'What is the most interesting aspect of Blockchain to you?', '2024-11-21 14:35:37', '2024-11-21 14:35:37'),
(89, 9, 'How has Blockchain influenced our lives?', '2024-11-21 14:35:37', '2024-11-21 14:35:37'),
(90, 9, 'What challenges exist in understanding or improving Blockchain?', '2024-11-21 14:35:37', '2024-11-21 14:35:37'),
(91, 10, 'What challenges exist in understanding or improving Robotics?', '2024-11-21 14:35:37', '2024-11-21 14:35:37'),
(92, 10, 'If you could learn one new thing about Robotics, what would it be?', '2024-11-21 14:35:37', '2024-11-21 14:35:37'),
(93, 10, 'What is the most interesting aspect of Robotics to you?', '2024-11-21 14:35:37', '2024-11-21 14:35:37'),
(94, 10, 'How has Robotics influenced our lives?', '2024-11-21 14:35:37', '2024-11-21 14:35:37'),
(95, 10, 'How can we make Robotics more accessible or understandable?', '2024-11-21 14:35:37', '2024-11-21 14:35:37'),
(96, 10, 'What role does Robotics play in the world today?', '2024-11-21 14:35:37', '2024-11-21 14:35:37'),
(97, 10, 'Who are the key figures or milestones in Robotics?', '2024-11-21 14:35:37', '2024-11-21 14:35:37'),
(98, 10, 'Can you share a personal experience related to Robotics?', '2024-11-21 14:35:37', '2024-11-21 14:35:37'),
(99, 10, 'How do you think Robotics will change in the future?', '2024-11-21 14:35:37', '2024-11-21 14:35:37'),
(100, 10, 'What do you think about Robotics?', '2024-11-21 14:35:37', '2024-11-21 14:35:37'),
(101, 11, 'If you could learn one new thing about World Wars, what would it be?', '2024-11-21 14:35:37', '2024-11-21 14:35:37'),
(102, 11, 'Who are the key figures or milestones in World Wars?', '2024-11-21 14:35:37', '2024-11-21 14:35:37'),
(103, 11, 'Can you share a personal experience related to World Wars?', '2024-11-21 14:35:37', '2024-11-21 14:35:37'),
(104, 11, 'What do you think about World Wars?', '2024-11-21 14:35:37', '2024-11-21 14:35:37'),
(105, 11, 'What challenges exist in understanding or improving World Wars?', '2024-11-21 14:35:37', '2024-11-21 14:35:37'),
(106, 11, 'How has World Wars influenced our lives?', '2024-11-21 14:35:37', '2024-11-21 14:35:37'),
(107, 11, 'How can we make World Wars more accessible or understandable?', '2024-11-21 14:35:37', '2024-11-21 14:35:37'),
(108, 11, 'How do you think World Wars will change in the future?', '2024-11-21 14:35:37', '2024-11-21 14:35:37'),
(109, 11, 'What is the most interesting aspect of World Wars to you?', '2024-11-21 14:35:37', '2024-11-21 14:35:37'),
(110, 11, 'What role does World Wars play in the world today?', '2024-11-21 14:35:37', '2024-11-21 14:35:37'),
(111, 12, 'How has Ancient Civilizations influenced our lives?', '2024-11-21 14:35:37', '2024-11-21 14:35:37'),
(112, 12, 'What role does Ancient Civilizations play in the world today?', '2024-11-21 14:35:37', '2024-11-21 14:35:37'),
(113, 12, 'Who are the key figures or milestones in Ancient Civilizations?', '2024-11-21 14:35:37', '2024-11-21 14:35:37'),
(114, 12, 'What is the most interesting aspect of Ancient Civilizations to you?', '2024-11-21 14:35:37', '2024-11-21 14:35:37'),
(115, 12, 'How do you think Ancient Civilizations will change in the future?', '2024-11-21 14:35:37', '2024-11-21 14:35:37'),
(116, 12, 'How can we make Ancient Civilizations more accessible or understandable?', '2024-11-21 14:35:37', '2024-11-21 14:35:37'),
(117, 12, 'If you could learn one new thing about Ancient Civilizations, what would it be?', '2024-11-21 14:35:37', '2024-11-21 14:35:37'),
(118, 12, 'What challenges exist in understanding or improving Ancient Civilizations?', '2024-11-21 14:35:37', '2024-11-21 14:35:37'),
(119, 12, 'Can you share a personal experience related to Ancient Civilizations?', '2024-11-21 14:35:37', '2024-11-21 14:35:37'),
(120, 12, 'What do you think about Ancient Civilizations?', '2024-11-21 14:35:37', '2024-11-21 14:35:37'),
(121, 13, 'What role does Industrial Revolution play in the world today?', '2024-11-21 14:35:37', '2024-11-21 14:35:37'),
(122, 13, 'How do you think Industrial Revolution will change in the future?', '2024-11-21 14:35:37', '2024-11-21 14:35:37'),
(123, 13, 'Can you share a personal experience related to Industrial Revolution?', '2024-11-21 14:35:37', '2024-11-21 14:35:37'),
(124, 13, 'How has Industrial Revolution influenced our lives?', '2024-11-21 14:35:37', '2024-11-21 14:35:37'),
(125, 13, 'How can we make Industrial Revolution more accessible or understandable?', '2024-11-21 14:35:37', '2024-11-21 14:35:37'),
(126, 13, 'If you could learn one new thing about Industrial Revolution, what would it be?', '2024-11-21 14:35:37', '2024-11-21 14:35:37'),
(127, 13, 'What do you think about Industrial Revolution?', '2024-11-21 14:35:37', '2024-11-21 14:35:37'),
(128, 13, 'What is the most interesting aspect of Industrial Revolution to you?', '2024-11-21 14:35:37', '2024-11-21 14:35:37'),
(129, 13, 'Who are the key figures or milestones in Industrial Revolution?', '2024-11-21 14:35:37', '2024-11-21 14:35:37'),
(130, 13, 'What challenges exist in understanding or improving Industrial Revolution?', '2024-11-21 14:35:37', '2024-11-21 14:35:37'),
(131, 14, 'What do you think about Historical Leaders?', '2024-11-21 14:35:37', '2024-11-21 14:35:37'),
(132, 14, 'What challenges exist in understanding or improving Historical Leaders?', '2024-11-21 14:35:37', '2024-11-21 14:35:37'),
(133, 14, 'If you could learn one new thing about Historical Leaders, what would it be?', '2024-11-21 14:35:37', '2024-11-21 14:35:37'),
(134, 14, 'How can we make Historical Leaders more accessible or understandable?', '2024-11-21 14:35:37', '2024-11-21 14:35:37'),
(135, 14, 'Can you share a personal experience related to Historical Leaders?', '2024-11-21 14:35:37', '2024-11-21 14:35:37'),
(136, 14, 'How has Historical Leaders influenced our lives?', '2024-11-21 14:35:37', '2024-11-21 14:35:37'),
(137, 14, 'Who are the key figures or milestones in Historical Leaders?', '2024-11-21 14:35:37', '2024-11-21 14:35:37'),
(138, 14, 'What is the most interesting aspect of Historical Leaders to you?', '2024-11-21 14:35:37', '2024-11-21 14:35:37'),
(139, 14, 'How do you think Historical Leaders will change in the future?', '2024-11-21 14:35:37', '2024-11-21 14:35:37'),
(140, 14, 'What role does Historical Leaders play in the world today?', '2024-11-21 14:35:37', '2024-11-21 14:35:37'),
(141, 15, 'What is the most interesting aspect of History of Science to you?', '2024-11-21 14:35:37', '2024-11-21 14:35:37'),
(142, 15, 'What role does History of Science play in the world today?', '2024-11-21 14:35:37', '2024-11-21 14:35:37'),
(143, 15, 'Who are the key figures or milestones in History of Science?', '2024-11-21 14:35:37', '2024-11-21 14:35:37'),
(144, 15, 'What do you think about History of Science?', '2024-11-21 14:35:37', '2024-11-21 14:35:37'),
(145, 15, 'How do you think History of Science will change in the future?', '2024-11-21 14:35:37', '2024-11-21 14:35:37'),
(146, 15, 'How has History of Science influenced our lives?', '2024-11-21 14:35:37', '2024-11-21 14:35:37'),
(147, 15, 'Can you share a personal experience related to History of Science?', '2024-11-21 14:35:37', '2024-11-21 14:35:37'),
(148, 15, 'If you could learn one new thing about History of Science, what would it be?', '2024-11-21 14:35:37', '2024-11-21 14:35:37'),
(149, 15, 'What challenges exist in understanding or improving History of Science?', '2024-11-21 14:35:37', '2024-11-21 14:35:37'),
(150, 15, 'How can we make History of Science more accessible or understandable?', '2024-11-21 14:35:37', '2024-11-21 14:35:37'),
(151, 16, 'What role does Continents play in the world today?', '2024-11-21 14:35:37', '2024-11-21 14:35:37'),
(152, 16, 'Can you share a personal experience related to Continents?', '2024-11-21 14:35:37', '2024-11-21 14:35:37'),
(153, 16, 'What is the most interesting aspect of Continents to you?', '2024-11-21 14:35:37', '2024-11-21 14:35:37'),
(154, 16, 'If you could learn one new thing about Continents, what would it be?', '2024-11-21 14:35:37', '2024-11-21 14:35:37'),
(155, 16, 'What challenges exist in understanding or improving Continents?', '2024-11-21 14:35:37', '2024-11-21 14:35:37'),
(156, 16, 'What do you think about Continents?', '2024-11-21 14:35:37', '2024-11-21 14:35:37'),
(157, 16, 'How can we make Continents more accessible or understandable?', '2024-11-21 14:35:37', '2024-11-21 14:35:37'),
(158, 16, 'Who are the key figures or milestones in Continents?', '2024-11-21 14:35:37', '2024-11-21 14:35:37'),
(159, 16, 'How has Continents influenced our lives?', '2024-11-21 14:35:37', '2024-11-21 14:35:37'),
(160, 16, 'How do you think Continents will change in the future?', '2024-11-21 14:35:37', '2024-11-21 14:35:37'),
(161, 17, 'How can we make Oceans more accessible or understandable?', '2024-11-21 14:35:37', '2024-11-21 14:35:37'),
(162, 17, 'What role does Oceans play in the world today?', '2024-11-21 14:35:37', '2024-11-21 14:35:37'),
(163, 17, 'If you could learn one new thing about Oceans, what would it be?', '2024-11-21 14:35:37', '2024-11-21 14:35:37'),
(164, 17, 'What challenges exist in understanding or improving Oceans?', '2024-11-21 14:35:37', '2024-11-21 14:35:37'),
(165, 17, 'What do you think about Oceans?', '2024-11-21 14:35:37', '2024-11-21 14:35:37'),
(166, 17, 'How has Oceans influenced our lives?', '2024-11-21 14:35:37', '2024-11-21 14:35:37'),
(167, 17, 'Can you share a personal experience related to Oceans?', '2024-11-21 14:35:37', '2024-11-21 14:35:37'),
(168, 17, 'What is the most interesting aspect of Oceans to you?', '2024-11-21 14:35:37', '2024-11-21 14:35:37'),
(169, 17, 'Who are the key figures or milestones in Oceans?', '2024-11-21 14:35:37', '2024-11-21 14:35:37'),
(170, 17, 'How do you think Oceans will change in the future?', '2024-11-21 14:35:37', '2024-11-21 14:35:37'),
(171, 18, 'If you could learn one new thing about Natural Disasters, what would it be?', '2024-11-21 14:35:37', '2024-11-21 14:35:37'),
(172, 18, 'How can we make Natural Disasters more accessible or understandable?', '2024-11-21 14:35:37', '2024-11-21 14:35:37'),
(173, 18, 'Can you share a personal experience related to Natural Disasters?', '2024-11-21 14:35:37', '2024-11-21 14:35:37'),
(174, 18, 'How do you think Natural Disasters will change in the future?', '2024-11-21 14:35:37', '2024-11-21 14:35:37'),
(175, 18, 'What is the most interesting aspect of Natural Disasters to you?', '2024-11-21 14:35:37', '2024-11-21 14:35:37'),
(176, 18, 'What challenges exist in understanding or improving Natural Disasters?', '2024-11-21 14:35:37', '2024-11-21 14:35:37'),
(177, 18, 'What role does Natural Disasters play in the world today?', '2024-11-21 14:35:37', '2024-11-21 14:35:37'),
(178, 18, 'What do you think about Natural Disasters?', '2024-11-21 14:35:37', '2024-11-21 14:35:37'),
(179, 18, 'Who are the key figures or milestones in Natural Disasters?', '2024-11-21 14:35:37', '2024-11-21 14:35:37'),
(180, 18, 'How has Natural Disasters influenced our lives?', '2024-11-21 14:35:37', '2024-11-21 14:35:37'),
(181, 19, 'What is the most interesting aspect of World Capitals to you?', '2024-11-21 14:35:37', '2024-11-21 14:35:37'),
(182, 19, 'How can we make World Capitals more accessible or understandable?', '2024-11-21 14:35:37', '2024-11-21 14:35:37'),
(183, 19, 'If you could learn one new thing about World Capitals, what would it be?', '2024-11-21 14:35:37', '2024-11-21 14:35:37'),
(184, 19, 'How has World Capitals influenced our lives?', '2024-11-21 14:35:37', '2024-11-21 14:35:37'),
(185, 19, 'Can you share a personal experience related to World Capitals?', '2024-11-21 14:35:37', '2024-11-21 14:35:37'),
(186, 19, 'What do you think about World Capitals?', '2024-11-21 14:35:37', '2024-11-21 14:35:37'),
(187, 19, 'Who are the key figures or milestones in World Capitals?', '2024-11-21 14:35:37', '2024-11-21 14:35:37'),
(188, 19, 'What role does World Capitals play in the world today?', '2024-11-21 14:35:37', '2024-11-21 14:35:37'),
(189, 19, 'What challenges exist in understanding or improving World Capitals?', '2024-11-21 14:35:37', '2024-11-21 14:35:37'),
(190, 19, 'How do you think World Capitals will change in the future?', '2024-11-21 14:35:37', '2024-11-21 14:35:37'),
(191, 20, 'Who are the key figures or milestones in Biomes and Ecosystems?', '2024-11-21 14:35:37', '2024-11-21 14:35:37'),
(192, 20, 'Can you share a personal experience related to Biomes and Ecosystems?', '2024-11-21 14:35:37', '2024-11-21 14:35:37'),
(193, 20, 'How has Biomes and Ecosystems influenced our lives?', '2024-11-21 14:35:37', '2024-11-21 14:35:37'),
(194, 20, 'What is the most interesting aspect of Biomes and Ecosystems to you?', '2024-11-21 14:35:37', '2024-11-21 14:35:37'),
(195, 20, 'If you could learn one new thing about Biomes and Ecosystems, what would it be?', '2024-11-21 14:35:37', '2024-11-21 14:35:37'),
(196, 20, 'What challenges exist in understanding or improving Biomes and Ecosystems?', '2024-11-21 14:35:37', '2024-11-21 14:35:37'),
(197, 20, 'What do you think about Biomes and Ecosystems?', '2024-11-21 14:35:37', '2024-11-21 14:35:37'),
(198, 20, 'What role does Biomes and Ecosystems play in the world today?', '2024-11-21 14:35:37', '2024-11-21 14:35:37'),
(199, 20, 'How do you think Biomes and Ecosystems will change in the future?', '2024-11-21 14:35:37', '2024-11-21 14:35:37'),
(200, 20, 'How can we make Biomes and Ecosystems more accessible or understandable?', '2024-11-21 14:35:37', '2024-11-21 14:35:37'),
(201, 21, 'Can you share a personal experience related to Renaissance Art?', '2024-11-21 14:35:37', '2024-11-21 14:35:37'),
(202, 21, 'What is the most interesting aspect of Renaissance Art to you?', '2024-11-21 14:35:37', '2024-11-21 14:35:37'),
(203, 21, 'If you could learn one new thing about Renaissance Art, what would it be?', '2024-11-21 14:35:37', '2024-11-21 14:35:37'),
(204, 21, 'What role does Renaissance Art play in the world today?', '2024-11-21 14:35:37', '2024-11-21 14:35:37'),
(205, 21, 'How has Renaissance Art influenced our lives?', '2024-11-21 14:35:37', '2024-11-21 14:35:37'),
(206, 21, 'What challenges exist in understanding or improving Renaissance Art?', '2024-11-21 14:35:37', '2024-11-21 14:35:37'),
(207, 21, 'Who are the key figures or milestones in Renaissance Art?', '2024-11-21 14:35:37', '2024-11-21 14:35:37'),
(208, 21, 'How do you think Renaissance Art will change in the future?', '2024-11-21 14:35:37', '2024-11-21 14:35:37'),
(209, 21, 'How can we make Renaissance Art more accessible or understandable?', '2024-11-21 14:35:37', '2024-11-21 14:35:37'),
(210, 21, 'What do you think about Renaissance Art?', '2024-11-21 14:35:37', '2024-11-21 14:35:37'),
(211, 22, 'Can you share a personal experience related to Modern Art?', '2024-11-21 14:35:37', '2024-11-21 14:35:37'),
(212, 22, 'What role does Modern Art play in the world today?', '2024-11-21 14:35:37', '2024-11-21 14:35:37'),
(213, 22, 'Who are the key figures or milestones in Modern Art?', '2024-11-21 14:35:37', '2024-11-21 14:35:37'),
(214, 22, 'If you could learn one new thing about Modern Art, what would it be?', '2024-11-21 14:35:37', '2024-11-21 14:35:37'),
(215, 22, 'What do you think about Modern Art?', '2024-11-21 14:35:37', '2024-11-21 14:35:37'),
(216, 22, 'How can we make Modern Art more accessible or understandable?', '2024-11-21 14:35:37', '2024-11-21 14:35:37'),
(217, 22, 'What challenges exist in understanding or improving Modern Art?', '2024-11-21 14:35:37', '2024-11-21 14:35:37'),
(218, 22, 'How do you think Modern Art will change in the future?', '2024-11-21 14:35:37', '2024-11-21 14:35:37'),
(219, 22, 'What is the most interesting aspect of Modern Art to you?', '2024-11-21 14:35:37', '2024-11-21 14:35:37'),
(220, 22, 'How has Modern Art influenced our lives?', '2024-11-21 14:35:37', '2024-11-21 14:35:37'),
(221, 23, 'If you could learn one new thing about Impressionism, what would it be?', '2024-11-21 14:35:37', '2024-11-21 14:35:37'),
(222, 23, 'Can you share a personal experience related to Impressionism?', '2024-11-21 14:35:37', '2024-11-21 14:35:37'),
(223, 23, 'How can we make Impressionism more accessible or understandable?', '2024-11-21 14:35:37', '2024-11-21 14:35:37'),
(224, 23, 'What role does Impressionism play in the world today?', '2024-11-21 14:35:37', '2024-11-21 14:35:37'),
(225, 23, 'How has Impressionism influenced our lives?', '2024-11-21 14:35:37', '2024-11-21 14:35:37'),
(226, 23, 'What challenges exist in understanding or improving Impressionism?', '2024-11-21 14:35:37', '2024-11-21 14:35:37'),
(227, 23, 'What is the most interesting aspect of Impressionism to you?', '2024-11-21 14:35:37', '2024-11-21 14:35:37'),
(228, 23, 'Who are the key figures or milestones in Impressionism?', '2024-11-21 14:35:37', '2024-11-21 14:35:37'),
(229, 23, 'What do you think about Impressionism?', '2024-11-21 14:35:37', '2024-11-21 14:35:37'),
(230, 23, 'How do you think Impressionism will change in the future?', '2024-11-21 14:35:37', '2024-11-21 14:35:37'),
(231, 24, 'What role does Abstract Art play in the world today?', '2024-11-21 14:35:37', '2024-11-21 14:35:37'),
(232, 24, 'If you could learn one new thing about Abstract Art, what would it be?', '2024-11-21 14:35:37', '2024-11-21 14:35:37'),
(233, 24, 'Can you share a personal experience related to Abstract Art?', '2024-11-21 14:35:37', '2024-11-21 14:35:37'),
(234, 24, 'What challenges exist in understanding or improving Abstract Art?', '2024-11-21 14:35:37', '2024-11-21 14:35:37'),
(235, 24, 'How can we make Abstract Art more accessible or understandable?', '2024-11-21 14:35:37', '2024-11-21 14:35:37'),
(236, 24, 'What do you think about Abstract Art?', '2024-11-21 14:35:37', '2024-11-21 14:35:37'),
(237, 24, 'How has Abstract Art influenced our lives?', '2024-11-21 14:35:37', '2024-11-21 14:35:37'),
(238, 24, 'What is the most interesting aspect of Abstract Art to you?', '2024-11-21 14:35:37', '2024-11-21 14:35:37'),
(239, 24, 'How do you think Abstract Art will change in the future?', '2024-11-21 14:35:37', '2024-11-21 14:35:37'),
(240, 24, 'Who are the key figures or milestones in Abstract Art?', '2024-11-21 14:35:37', '2024-11-21 14:35:37'),
(241, 25, 'How do you think Sculptures will change in the future?', '2024-11-21 14:35:37', '2024-11-21 14:35:37'),
(242, 25, 'Can you share a personal experience related to Sculptures?', '2024-11-21 14:35:37', '2024-11-21 14:35:37'),
(243, 25, 'What do you think about Sculptures?', '2024-11-21 14:35:37', '2024-11-21 14:35:37'),
(244, 25, 'What role does Sculptures play in the world today?', '2024-11-21 14:35:37', '2024-11-21 14:35:37'),
(245, 25, 'What challenges exist in understanding or improving Sculptures?', '2024-11-21 14:35:37', '2024-11-21 14:35:37'),
(246, 25, 'If you could learn one new thing about Sculptures, what would it be?', '2024-11-21 14:35:37', '2024-11-21 14:35:37'),
(247, 25, 'What is the most interesting aspect of Sculptures to you?', '2024-11-21 14:35:37', '2024-11-21 14:35:37'),
(248, 25, 'How can we make Sculptures more accessible or understandable?', '2024-11-21 14:35:37', '2024-11-21 14:35:37'),
(249, 25, 'Who are the key figures or milestones in Sculptures?', '2024-11-21 14:35:37', '2024-11-21 14:35:37'),
(250, 25, 'How has Sculptures influenced our lives?', '2024-11-21 14:35:37', '2024-11-21 14:35:37'),
(251, 26, 'What do you think about Shakespeare?', '2024-11-21 14:35:37', '2024-11-21 14:35:37'),
(252, 26, 'What is the most interesting aspect of Shakespeare to you?', '2024-11-21 14:35:37', '2024-11-21 14:35:37'),
(253, 26, 'How can we make Shakespeare more accessible or understandable?', '2024-11-21 14:35:37', '2024-11-21 14:35:37'),
(254, 26, 'What role does Shakespeare play in the world today?', '2024-11-21 14:35:37', '2024-11-21 14:35:37'),
(255, 26, 'If you could learn one new thing about Shakespeare, what would it be?', '2024-11-21 14:35:37', '2024-11-21 14:35:37'),
(256, 26, 'How has Shakespeare influenced our lives?', '2024-11-21 14:35:37', '2024-11-21 14:35:37'),
(257, 26, 'Can you share a personal experience related to Shakespeare?', '2024-11-21 14:35:37', '2024-11-21 14:35:37'),
(258, 26, 'What challenges exist in understanding or improving Shakespeare?', '2024-11-21 14:35:37', '2024-11-21 14:35:37'),
(259, 26, 'How do you think Shakespeare will change in the future?', '2024-11-21 14:35:37', '2024-11-21 14:35:37'),
(260, 26, 'Who are the key figures or milestones in Shakespeare?', '2024-11-21 14:35:37', '2024-11-21 14:35:37'),
(261, 27, 'What challenges exist in understanding or improving Poetry?', '2024-11-21 14:35:37', '2024-11-21 14:35:37'),
(262, 27, 'Can you share a personal experience related to Poetry?', '2024-11-21 14:35:37', '2024-11-21 14:35:37'),
(263, 27, 'Who are the key figures or milestones in Poetry?', '2024-11-21 14:35:37', '2024-11-21 14:35:37'),
(264, 27, 'What is the most interesting aspect of Poetry to you?', '2024-11-21 14:35:37', '2024-11-21 14:35:37'),
(265, 27, 'How can we make Poetry more accessible or understandable?', '2024-11-21 14:35:37', '2024-11-21 14:35:37'),
(266, 27, 'What do you think about Poetry?', '2024-11-21 14:35:37', '2024-11-21 14:35:37'),
(267, 27, 'How has Poetry influenced our lives?', '2024-11-21 14:35:37', '2024-11-21 14:35:37'),
(268, 27, 'How do you think Poetry will change in the future?', '2024-11-21 14:35:37', '2024-11-21 14:35:37'),
(269, 27, 'What role does Poetry play in the world today?', '2024-11-21 14:35:37', '2024-11-21 14:35:37'),
(270, 27, 'If you could learn one new thing about Poetry, what would it be?', '2024-11-21 14:35:37', '2024-11-21 14:35:37'),
(271, 28, 'How do you think Modern Novels will change in the future?', '2024-11-21 14:35:37', '2024-11-21 14:35:37'),
(272, 28, 'How can we make Modern Novels more accessible or understandable?', '2024-11-21 14:35:37', '2024-11-21 14:35:37'),
(273, 28, 'Who are the key figures or milestones in Modern Novels?', '2024-11-21 14:35:37', '2024-11-21 14:35:37'),
(274, 28, 'What challenges exist in understanding or improving Modern Novels?', '2024-11-21 14:35:37', '2024-11-21 14:35:37'),
(275, 28, 'What do you think about Modern Novels?', '2024-11-21 14:35:37', '2024-11-21 14:35:37'),
(276, 28, 'Can you share a personal experience related to Modern Novels?', '2024-11-21 14:35:37', '2024-11-21 14:35:37'),
(277, 28, 'If you could learn one new thing about Modern Novels, what would it be?', '2024-11-21 14:35:37', '2024-11-21 14:35:37'),
(278, 28, 'How has Modern Novels influenced our lives?', '2024-11-21 14:35:37', '2024-11-21 14:35:37'),
(279, 28, 'What role does Modern Novels play in the world today?', '2024-11-21 14:35:37', '2024-11-21 14:35:37'),
(280, 28, 'What is the most interesting aspect of Modern Novels to you?', '2024-11-21 14:35:37', '2024-11-21 14:35:37'),
(281, 29, 'What do you think about Classic Literature?', '2024-11-21 14:35:37', '2024-11-21 14:35:37'),
(282, 29, 'How can we make Classic Literature more accessible or understandable?', '2024-11-21 14:35:37', '2024-11-21 14:35:37'),
(283, 29, 'What challenges exist in understanding or improving Classic Literature?', '2024-11-21 14:35:37', '2024-11-21 14:35:37'),
(284, 29, 'What is the most interesting aspect of Classic Literature to you?', '2024-11-21 14:35:37', '2024-11-21 14:35:37'),
(285, 29, 'What role does Classic Literature play in the world today?', '2024-11-21 14:35:37', '2024-11-21 14:35:37'),
(286, 29, 'Who are the key figures or milestones in Classic Literature?', '2024-11-21 14:35:37', '2024-11-21 14:35:37'),
(287, 29, 'How has Classic Literature influenced our lives?', '2024-11-21 14:35:37', '2024-11-21 14:35:37'),
(288, 29, 'Can you share a personal experience related to Classic Literature?', '2024-11-21 14:35:37', '2024-11-21 14:35:37'),
(289, 29, 'How do you think Classic Literature will change in the future?', '2024-11-21 14:35:37', '2024-11-21 14:35:37'),
(290, 29, 'If you could learn one new thing about Classic Literature, what would it be?', '2024-11-21 14:35:37', '2024-11-21 14:35:37'),
(291, 30, 'How can we make Literary Genres more accessible or understandable?', '2024-11-21 14:35:37', '2024-11-21 14:35:37'),
(292, 30, 'What do you think about Literary Genres?', '2024-11-21 14:35:37', '2024-11-21 14:35:37'),
(293, 30, 'What role does Literary Genres play in the world today?', '2024-11-21 14:35:37', '2024-11-21 14:35:37'),
(294, 30, 'Can you share a personal experience related to Literary Genres?', '2024-11-21 14:35:37', '2024-11-21 14:35:37'),
(295, 30, 'Who are the key figures or milestones in Literary Genres?', '2024-11-21 14:35:37', '2024-11-21 14:35:37'),
(296, 30, 'What is the most interesting aspect of Literary Genres to you?', '2024-11-21 14:35:37', '2024-11-21 14:35:37'),
(297, 30, 'How has Literary Genres influenced our lives?', '2024-11-21 14:35:37', '2024-11-21 14:35:37'),
(298, 30, 'How do you think Literary Genres will change in the future?', '2024-11-21 14:35:37', '2024-11-21 14:35:37'),
(299, 30, 'What challenges exist in understanding or improving Literary Genres?', '2024-11-21 14:35:37', '2024-11-21 14:35:37'),
(300, 30, 'If you could learn one new thing about Literary Genres, what would it be?', '2024-11-21 14:35:37', '2024-11-21 14:35:37'),
(301, 31, 'What do you think about Football?', '2024-11-21 14:35:37', '2024-11-21 14:35:37'),
(302, 31, 'Can you share a personal experience related to Football?', '2024-11-21 14:35:37', '2024-11-21 14:35:37'),
(303, 31, 'What is the most interesting aspect of Football to you?', '2024-11-21 14:35:37', '2024-11-21 14:35:37'),
(304, 31, 'How can we make Football more accessible or understandable?', '2024-11-21 14:35:37', '2024-11-21 14:35:37'),
(305, 31, 'What challenges exist in understanding or improving Football?', '2024-11-21 14:35:37', '2024-11-21 14:35:37'),
(306, 31, 'How do you think Football will change in the future?', '2024-11-21 14:35:37', '2024-11-21 14:35:37'),
(307, 31, 'If you could learn one new thing about Football, what would it be?', '2024-11-21 14:35:37', '2024-11-21 14:35:37'),
(308, 31, 'What role does Football play in the world today?', '2024-11-21 14:35:37', '2024-11-21 14:35:37'),
(309, 31, 'Who are the key figures or milestones in Football?', '2024-11-21 14:35:37', '2024-11-21 14:35:37'),
(310, 31, 'How has Football influenced our lives?', '2024-11-21 14:35:37', '2024-11-21 14:35:37'),
(311, 32, 'What is the most interesting aspect of Olympics to you?', '2024-11-21 14:35:37', '2024-11-21 14:35:37'),
(312, 32, 'How can we make Olympics more accessible or understandable?', '2024-11-21 14:35:37', '2024-11-21 14:35:37'),
(313, 32, 'What do you think about Olympics?', '2024-11-21 14:35:37', '2024-11-21 14:35:37'),
(314, 32, 'How has Olympics influenced our lives?', '2024-11-21 14:35:37', '2024-11-21 14:35:37'),
(315, 32, 'Can you share a personal experience related to Olympics?', '2024-11-21 14:35:37', '2024-11-21 14:35:37'),
(316, 32, 'What role does Olympics play in the world today?', '2024-11-21 14:35:37', '2024-11-21 14:35:37'),
(317, 32, 'If you could learn one new thing about Olympics, what would it be?', '2024-11-21 14:35:37', '2024-11-21 14:35:37'),
(318, 32, 'Who are the key figures or milestones in Olympics?', '2024-11-21 14:35:37', '2024-11-21 14:35:37'),
(319, 32, 'What challenges exist in understanding or improving Olympics?', '2024-11-21 14:35:37', '2024-11-21 14:35:37'),
(320, 32, 'How do you think Olympics will change in the future?', '2024-11-21 14:35:37', '2024-11-21 14:35:37'),
(321, 33, 'How has Basketball influenced our lives?', '2024-11-21 14:35:37', '2024-11-21 14:35:37'),
(322, 33, 'Who are the key figures or milestones in Basketball?', '2024-11-21 14:35:37', '2024-11-21 14:35:37'),
(323, 33, 'What role does Basketball play in the world today?', '2024-11-21 14:35:37', '2024-11-21 14:35:37'),
(324, 33, 'What do you think about Basketball?', '2024-11-21 14:35:37', '2024-11-21 14:35:37'),
(325, 33, 'How do you think Basketball will change in the future?', '2024-11-21 14:35:37', '2024-11-21 14:35:37'),
(326, 33, 'Can you share a personal experience related to Basketball?', '2024-11-21 14:35:37', '2024-11-21 14:35:37'),
(327, 33, 'How can we make Basketball more accessible or understandable?', '2024-11-21 14:35:37', '2024-11-21 14:35:37'),
(328, 33, 'What challenges exist in understanding or improving Basketball?', '2024-11-21 14:35:37', '2024-11-21 14:35:37'),
(329, 33, 'What is the most interesting aspect of Basketball to you?', '2024-11-21 14:35:37', '2024-11-21 14:35:37'),
(330, 33, 'If you could learn one new thing about Basketball, what would it be?', '2024-11-21 14:35:37', '2024-11-21 14:35:37'),
(331, 34, 'What challenges exist in understanding or improving Tennis?', '2024-11-21 14:35:37', '2024-11-21 14:35:37'),
(332, 34, 'How can we make Tennis more accessible or understandable?', '2024-11-21 14:35:37', '2024-11-21 14:35:37'),
(333, 34, 'Who are the key figures or milestones in Tennis?', '2024-11-21 14:35:37', '2024-11-21 14:35:37'),
(334, 34, 'If you could learn one new thing about Tennis, what would it be?', '2024-11-21 14:35:37', '2024-11-21 14:35:37'),
(335, 34, 'Can you share a personal experience related to Tennis?', '2024-11-21 14:35:37', '2024-11-21 14:35:37'),
(336, 34, 'What do you think about Tennis?', '2024-11-21 14:35:37', '2024-11-21 14:35:37'),
(337, 34, 'How do you think Tennis will change in the future?', '2024-11-21 14:35:37', '2024-11-21 14:35:37'),
(338, 34, 'How has Tennis influenced our lives?', '2024-11-21 14:35:37', '2024-11-21 14:35:37'),
(339, 34, 'What role does Tennis play in the world today?', '2024-11-21 14:35:37', '2024-11-21 14:35:37'),
(340, 34, 'What is the most interesting aspect of Tennis to you?', '2024-11-21 14:35:37', '2024-11-21 14:35:37'),
(341, 35, 'How has Extreme Sports influenced our lives?', '2024-11-21 14:35:37', '2024-11-21 14:35:37'),
(342, 35, 'Who are the key figures or milestones in Extreme Sports?', '2024-11-21 14:35:37', '2024-11-21 14:35:37'),
(343, 35, 'What role does Extreme Sports play in the world today?', '2024-11-21 14:35:37', '2024-11-21 14:35:37'),
(344, 35, 'What challenges exist in understanding or improving Extreme Sports?', '2024-11-21 14:35:37', '2024-11-21 14:35:37'),
(345, 35, 'Can you share a personal experience related to Extreme Sports?', '2024-11-21 14:35:37', '2024-11-21 14:35:37'),
(346, 35, 'If you could learn one new thing about Extreme Sports, what would it be?', '2024-11-21 14:35:37', '2024-11-21 14:35:37'),
(347, 35, 'How can we make Extreme Sports more accessible or understandable?', '2024-11-21 14:35:37', '2024-11-21 14:35:37'),
(348, 35, 'How do you think Extreme Sports will change in the future?', '2024-11-21 14:35:37', '2024-11-21 14:35:37'),
(349, 35, 'What do you think about Extreme Sports?', '2024-11-21 14:35:37', '2024-11-21 14:35:37'),
(350, 35, 'What is the most interesting aspect of Extreme Sports to you?', '2024-11-21 14:35:37', '2024-11-21 14:35:37'),
(351, 36, 'How has Movies influenced our lives?', '2024-11-21 14:35:37', '2024-11-21 14:35:37'),
(352, 36, 'What is the most interesting aspect of Movies to you?', '2024-11-21 14:35:37', '2024-11-21 14:35:37'),
(353, 36, 'How do you think Movies will change in the future?', '2024-11-21 14:35:37', '2024-11-21 14:35:37'),
(354, 36, 'If you could learn one new thing about Movies, what would it be?', '2024-11-21 14:35:37', '2024-11-21 14:35:37'),
(355, 36, 'What role does Movies play in the world today?', '2024-11-21 14:35:37', '2024-11-21 14:35:37'),
(356, 36, 'How can we make Movies more accessible or understandable?', '2024-11-21 14:35:37', '2024-11-21 14:35:37'),
(357, 36, 'What challenges exist in understanding or improving Movies?', '2024-11-21 14:35:37', '2024-11-21 14:35:37'),
(358, 36, 'Can you share a personal experience related to Movies?', '2024-11-21 14:35:37', '2024-11-21 14:35:37'),
(359, 36, 'What do you think about Movies?', '2024-11-21 14:35:37', '2024-11-21 14:35:37'),
(360, 36, 'Who are the key figures or milestones in Movies?', '2024-11-21 14:35:37', '2024-11-21 14:35:37'),
(361, 37, 'How has Music Genres influenced our lives?', '2024-11-21 14:35:37', '2024-11-21 14:35:37'),
(362, 37, 'What challenges exist in understanding or improving Music Genres?', '2024-11-21 14:35:37', '2024-11-21 14:35:37'),
(363, 37, 'Can you share a personal experience related to Music Genres?', '2024-11-21 14:35:37', '2024-11-21 14:35:37'),
(364, 37, 'How can we make Music Genres more accessible or understandable?', '2024-11-21 14:35:37', '2024-11-21 14:35:37'),
(365, 37, 'Who are the key figures or milestones in Music Genres?', '2024-11-21 14:35:37', '2024-11-21 14:35:37'),
(366, 37, 'How do you think Music Genres will change in the future?', '2024-11-21 14:35:37', '2024-11-21 14:35:37'),
(367, 37, 'What role does Music Genres play in the world today?', '2024-11-21 14:35:37', '2024-11-21 14:35:37'),
(368, 37, 'What is the most interesting aspect of Music Genres to you?', '2024-11-21 14:35:37', '2024-11-21 14:35:37'),
(369, 37, 'What do you think about Music Genres?', '2024-11-21 14:35:37', '2024-11-21 14:35:37'),
(370, 37, 'If you could learn one new thing about Music Genres, what would it be?', '2024-11-21 14:35:37', '2024-11-21 14:35:37'),
(371, 38, 'If you could learn one new thing about Television Series, what would it be?', '2024-11-21 14:35:37', '2024-11-21 14:35:37'),
(372, 38, 'How do you think Television Series will change in the future?', '2024-11-21 14:35:37', '2024-11-21 14:35:37'),
(373, 38, 'What role does Television Series play in the world today?', '2024-11-21 14:35:37', '2024-11-21 14:35:37'),
(374, 38, 'What challenges exist in understanding or improving Television Series?', '2024-11-21 14:35:37', '2024-11-21 14:35:37'),
(375, 38, 'What is the most interesting aspect of Television Series to you?', '2024-11-21 14:35:37', '2024-11-21 14:35:37'),
(376, 38, 'How can we make Television Series more accessible or understandable?', '2024-11-21 14:35:37', '2024-11-21 14:35:37'),
(377, 38, 'What do you think about Television Series?', '2024-11-21 14:35:37', '2024-11-21 14:35:37'),
(378, 38, 'Who are the key figures or milestones in Television Series?', '2024-11-21 14:35:37', '2024-11-21 14:35:37'),
(379, 38, 'How has Television Series influenced our lives?', '2024-11-21 14:35:37', '2024-11-21 14:35:37'),
(380, 38, 'Can you share a personal experience related to Television Series?', '2024-11-21 14:35:37', '2024-11-21 14:35:37'),
(381, 39, 'What role does Video Games play in the world today?', '2024-11-21 14:35:37', '2024-11-21 14:35:37'),
(382, 39, 'How has Video Games influenced our lives?', '2024-11-21 14:35:37', '2024-11-21 14:35:37'),
(383, 39, 'How can we make Video Games more accessible or understandable?', '2024-11-21 14:35:37', '2024-11-21 14:35:37'),
(384, 39, 'What do you think about Video Games?', '2024-11-21 14:35:37', '2024-11-21 14:35:37'),
(385, 39, 'Can you share a personal experience related to Video Games?', '2024-11-21 14:35:37', '2024-11-21 14:35:37'),
(386, 39, 'If you could learn one new thing about Video Games, what would it be?', '2024-11-21 14:35:37', '2024-11-21 14:35:37'),
(387, 39, 'What is the most interesting aspect of Video Games to you?', '2024-11-21 14:35:37', '2024-11-21 14:35:37'),
(388, 39, 'What challenges exist in understanding or improving Video Games?', '2024-11-21 14:35:37', '2024-11-21 14:35:37'),
(389, 39, 'Who are the key figures or milestones in Video Games?', '2024-11-21 14:35:37', '2024-11-21 14:35:37'),
(390, 39, 'How do you think Video Games will change in the future?', '2024-11-21 14:35:37', '2024-11-21 14:35:37'),
(391, 40, 'How can we make Celebrities more accessible or understandable?', '2024-11-21 14:35:37', '2024-11-21 14:35:37'),
(392, 40, 'If you could learn one new thing about Celebrities, what would it be?', '2024-11-21 14:35:37', '2024-11-21 14:35:37'),
(393, 40, 'Can you share a personal experience related to Celebrities?', '2024-11-21 14:35:37', '2024-11-21 14:35:37'),
(394, 40, 'How has Celebrities influenced our lives?', '2024-11-21 14:35:37', '2024-11-21 14:35:37'),
(395, 40, 'What do you think about Celebrities?', '2024-11-21 14:35:37', '2024-11-21 14:35:37'),
(396, 40, 'Who are the key figures or milestones in Celebrities?', '2024-11-21 14:35:37', '2024-11-21 14:35:37'),
(397, 40, 'What is the most interesting aspect of Celebrities to you?', '2024-11-21 14:35:37', '2024-11-21 14:35:37'),
(398, 40, 'How do you think Celebrities will change in the future?', '2024-11-21 14:35:37', '2024-11-21 14:35:37'),
(399, 40, 'What role does Celebrities play in the world today?', '2024-11-21 14:35:37', '2024-11-21 14:35:37'),
(400, 40, 'What challenges exist in understanding or improving Celebrities?', '2024-11-21 14:35:37', '2024-11-21 14:35:37'),
(401, 41, 'How has Nutrition influenced our lives?', '2024-11-21 14:35:37', '2024-11-21 14:35:37'),
(402, 41, 'What is the most interesting aspect of Nutrition to you?', '2024-11-21 14:35:37', '2024-11-21 14:35:37'),
(403, 41, 'How do you think Nutrition will change in the future?', '2024-11-21 14:35:37', '2024-11-21 14:35:37'),
(404, 41, 'What challenges exist in understanding or improving Nutrition?', '2024-11-21 14:35:37', '2024-11-21 14:35:37'),
(405, 41, 'If you could learn one new thing about Nutrition, what would it be?', '2024-11-21 14:35:37', '2024-11-21 14:35:37'),
(406, 41, 'What role does Nutrition play in the world today?', '2024-11-21 14:35:37', '2024-11-21 14:35:37'),
(407, 41, 'Who are the key figures or milestones in Nutrition?', '2024-11-21 14:35:37', '2024-11-21 14:35:37'),
(408, 41, 'Can you share a personal experience related to Nutrition?', '2024-11-21 14:35:37', '2024-11-21 14:35:37'),
(409, 41, 'How can we make Nutrition more accessible or understandable?', '2024-11-21 14:35:37', '2024-11-21 14:35:37'),
(410, 41, 'What do you think about Nutrition?', '2024-11-21 14:35:37', '2024-11-21 14:35:37'),
(411, 42, 'How has Mental Health influenced our lives?', '2024-11-21 14:35:37', '2024-11-21 14:35:37'),
(412, 42, 'How can we make Mental Health more accessible or understandable?', '2024-11-21 14:35:37', '2024-11-21 14:35:37'),
(413, 42, 'What role does Mental Health play in the world today?', '2024-11-21 14:35:37', '2024-11-21 14:35:37'),
(414, 42, 'Who are the key figures or milestones in Mental Health?', '2024-11-21 14:35:37', '2024-11-21 14:35:37'),
(415, 42, 'What do you think about Mental Health?', '2024-11-21 14:35:37', '2024-11-21 14:35:37'),
(416, 42, 'What is the most interesting aspect of Mental Health to you?', '2024-11-21 14:35:37', '2024-11-21 14:35:37'),
(417, 42, 'If you could learn one new thing about Mental Health, what would it be?', '2024-11-21 14:35:37', '2024-11-21 14:35:37'),
(418, 42, 'What challenges exist in understanding or improving Mental Health?', '2024-11-21 14:35:37', '2024-11-21 14:35:37'),
(419, 42, 'Can you share a personal experience related to Mental Health?', '2024-11-21 14:35:37', '2024-11-21 14:35:37'),
(420, 42, 'How do you think Mental Health will change in the future?', '2024-11-21 14:35:37', '2024-11-21 14:35:37'),
(421, 43, 'How can we make Exercise Science more accessible or understandable?', '2024-11-21 14:35:37', '2024-11-21 14:35:37'),
(422, 43, 'Can you share a personal experience related to Exercise Science?', '2024-11-21 14:35:37', '2024-11-21 14:35:37'),
(423, 43, 'What challenges exist in understanding or improving Exercise Science?', '2024-11-21 14:35:37', '2024-11-21 14:35:37'),
(424, 43, 'What role does Exercise Science play in the world today?', '2024-11-21 14:35:37', '2024-11-21 14:35:37'),
(425, 43, 'How do you think Exercise Science will change in the future?', '2024-11-21 14:35:37', '2024-11-21 14:35:37'),
(426, 43, 'Who are the key figures or milestones in Exercise Science?', '2024-11-21 14:35:37', '2024-11-21 14:35:37'),
(427, 43, 'If you could learn one new thing about Exercise Science, what would it be?', '2024-11-21 14:35:37', '2024-11-21 14:35:37'),
(428, 43, 'What do you think about Exercise Science?', '2024-11-21 14:35:37', '2024-11-21 14:35:37'),
(429, 43, 'What is the most interesting aspect of Exercise Science to you?', '2024-11-21 14:35:37', '2024-11-21 14:35:37'),
(430, 43, 'How has Exercise Science influenced our lives?', '2024-11-21 14:35:37', '2024-11-21 14:35:37'),
(431, 44, 'What is the most interesting aspect of Medical Innovations to you?', '2024-11-21 14:35:37', '2024-11-21 14:35:37'),
(432, 44, 'What challenges exist in understanding or improving Medical Innovations?', '2024-11-21 14:35:37', '2024-11-21 14:35:37'),
(433, 44, 'If you could learn one new thing about Medical Innovations, what would it be?', '2024-11-21 14:35:37', '2024-11-21 14:35:37'),
(434, 44, 'How can we make Medical Innovations more accessible or understandable?', '2024-11-21 14:35:37', '2024-11-21 14:35:37'),
(435, 44, 'What role does Medical Innovations play in the world today?', '2024-11-21 14:35:37', '2024-11-21 14:35:37'),
(436, 44, 'How has Medical Innovations influenced our lives?', '2024-11-21 14:35:37', '2024-11-21 14:35:37'),
(437, 44, 'Can you share a personal experience related to Medical Innovations?', '2024-11-21 14:35:37', '2024-11-21 14:35:37'),
(438, 44, 'What do you think about Medical Innovations?', '2024-11-21 14:35:37', '2024-11-21 14:35:37'),
(439, 44, 'How do you think Medical Innovations will change in the future?', '2024-11-21 14:35:37', '2024-11-21 14:35:37'),
(440, 44, 'Who are the key figures or milestones in Medical Innovations?', '2024-11-21 14:35:37', '2024-11-21 14:35:37'),
(441, 45, 'What challenges exist in understanding or improving Public Health?', '2024-11-21 14:35:37', '2024-11-21 14:35:37'),
(442, 45, 'What do you think about Public Health?', '2024-11-21 14:35:37', '2024-11-21 14:35:37'),
(443, 45, 'How do you think Public Health will change in the future?', '2024-11-21 14:35:37', '2024-11-21 14:35:37'),
(444, 45, 'How can we make Public Health more accessible or understandable?', '2024-11-21 14:35:37', '2024-11-21 14:35:37'),
(445, 45, 'How has Public Health influenced our lives?', '2024-11-21 14:35:37', '2024-11-21 14:35:37'),
(446, 45, 'What is the most interesting aspect of Public Health to you?', '2024-11-21 14:35:37', '2024-11-21 14:35:37'),
(447, 45, 'Who are the key figures or milestones in Public Health?', '2024-11-21 14:35:37', '2024-11-21 14:35:37'),
(448, 45, 'If you could learn one new thing about Public Health, what would it be?', '2024-11-21 14:35:37', '2024-11-21 14:35:37'),
(449, 45, 'What role does Public Health play in the world today?', '2024-11-21 14:35:37', '2024-11-21 14:35:37'),
(450, 45, 'Can you share a personal experience related to Public Health?', '2024-11-21 14:35:37', '2024-11-21 14:35:37'),
(451, 46, 'What role does Entrepreneurship play in the world today?', '2024-11-21 14:35:37', '2024-11-21 14:35:37'),
(452, 46, 'What is the most interesting aspect of Entrepreneurship to you?', '2024-11-21 14:35:37', '2024-11-21 14:35:37'),
(453, 46, 'How has Entrepreneurship influenced our lives?', '2024-11-21 14:35:37', '2024-11-21 14:35:37'),
(454, 46, 'What do you think about Entrepreneurship?', '2024-11-21 14:35:37', '2024-11-21 14:35:37'),
(455, 46, 'How do you think Entrepreneurship will change in the future?', '2024-11-21 14:35:37', '2024-11-21 14:35:37'),
(456, 46, 'Can you share a personal experience related to Entrepreneurship?', '2024-11-21 14:35:37', '2024-11-21 14:35:37'),
(457, 46, 'What challenges exist in understanding or improving Entrepreneurship?', '2024-11-21 14:35:37', '2024-11-21 14:35:37'),
(458, 46, 'If you could learn one new thing about Entrepreneurship, what would it be?', '2024-11-21 14:35:37', '2024-11-21 14:35:37'),
(459, 46, 'Who are the key figures or milestones in Entrepreneurship?', '2024-11-21 14:35:37', '2024-11-21 14:35:37'),
(460, 46, 'How can we make Entrepreneurship more accessible or understandable?', '2024-11-21 14:35:37', '2024-11-21 14:35:37'),
(461, 47, 'If you could learn one new thing about Economics, what would it be?', '2024-11-21 14:35:37', '2024-11-21 14:35:37'),
(462, 47, 'Can you share a personal experience related to Economics?', '2024-11-21 14:35:37', '2024-11-21 14:35:37'),
(463, 47, 'What role does Economics play in the world today?', '2024-11-21 14:35:37', '2024-11-21 14:35:37'),
(464, 47, 'What challenges exist in understanding or improving Economics?', '2024-11-21 14:35:37', '2024-11-21 14:35:37'),
(465, 47, 'What do you think about Economics?', '2024-11-21 14:35:37', '2024-11-21 14:35:37'),
(466, 47, 'What is the most interesting aspect of Economics to you?', '2024-11-21 14:35:37', '2024-11-21 14:35:37'),
(467, 47, 'How can we make Economics more accessible or understandable?', '2024-11-21 14:35:37', '2024-11-21 14:35:37'),
(468, 47, 'Who are the key figures or milestones in Economics?', '2024-11-21 14:35:37', '2024-11-21 14:35:37'),
(469, 47, 'How has Economics influenced our lives?', '2024-11-21 14:35:37', '2024-11-21 14:35:37'),
(470, 47, 'How do you think Economics will change in the future?', '2024-11-21 14:35:37', '2024-11-21 14:35:37'),
(471, 48, 'How do you think Marketing Strategies will change in the future?', '2024-11-21 14:35:37', '2024-11-21 14:35:37'),
(472, 48, 'What challenges exist in understanding or improving Marketing Strategies?', '2024-11-21 14:35:37', '2024-11-21 14:35:37'),
(473, 48, 'Can you share a personal experience related to Marketing Strategies?', '2024-11-21 14:35:37', '2024-11-21 14:35:37'),
(474, 48, 'What role does Marketing Strategies play in the world today?', '2024-11-21 14:35:37', '2024-11-21 14:35:37'),
(475, 48, 'Who are the key figures or milestones in Marketing Strategies?', '2024-11-21 14:35:37', '2024-11-21 14:35:37'),
(476, 48, 'How has Marketing Strategies influenced our lives?', '2024-11-21 14:35:37', '2024-11-21 14:35:37'),
(477, 48, 'What is the most interesting aspect of Marketing Strategies to you?', '2024-11-21 14:35:37', '2024-11-21 14:35:37'),
(478, 48, 'How can we make Marketing Strategies more accessible or understandable?', '2024-11-21 14:35:37', '2024-11-21 14:35:37'),
(479, 48, 'If you could learn one new thing about Marketing Strategies, what would it be?', '2024-11-21 14:35:37', '2024-11-21 14:35:37'),
(480, 48, 'What do you think about Marketing Strategies?', '2024-11-21 14:35:37', '2024-11-21 14:35:37'),
(481, 49, 'How has Investment Basics influenced our lives?', '2024-11-21 14:35:37', '2024-11-21 14:35:37'),
(482, 49, 'How do you think Investment Basics will change in the future?', '2024-11-21 14:35:37', '2024-11-21 14:35:37'),
(483, 49, 'What role does Investment Basics play in the world today?', '2024-11-21 14:35:37', '2024-11-21 14:35:37'),
(484, 49, 'Can you share a personal experience related to Investment Basics?', '2024-11-21 14:35:37', '2024-11-21 14:35:37'),
(485, 49, 'What is the most interesting aspect of Investment Basics to you?', '2024-11-21 14:35:37', '2024-11-21 14:35:37'),
(486, 49, 'Who are the key figures or milestones in Investment Basics?', '2024-11-21 14:35:37', '2024-11-21 14:35:37'),
(487, 49, 'What do you think about Investment Basics?', '2024-11-21 14:35:37', '2024-11-21 14:35:37'),
(488, 49, 'If you could learn one new thing about Investment Basics, what would it be?', '2024-11-21 14:35:37', '2024-11-21 14:35:37'),
(489, 49, 'How can we make Investment Basics more accessible or understandable?', '2024-11-21 14:35:37', '2024-11-21 14:35:37'),
(490, 49, 'What challenges exist in understanding or improving Investment Basics?', '2024-11-21 14:35:37', '2024-11-21 14:35:37'),
(491, 50, 'If you could learn one new thing about Corporate Ethics, what would it be?', '2024-11-21 14:35:37', '2024-11-21 14:35:37'),
(492, 50, 'What is the most interesting aspect of Corporate Ethics to you?', '2024-11-21 14:35:37', '2024-11-21 14:35:37'),
(493, 50, 'Who are the key figures or milestones in Corporate Ethics?', '2024-11-21 14:35:37', '2024-11-21 14:35:37'),
(494, 50, 'How can we make Corporate Ethics more accessible or understandable?', '2024-11-21 14:35:37', '2024-11-21 14:35:37'),
(495, 50, 'What challenges exist in understanding or improving Corporate Ethics?', '2024-11-21 14:35:37', '2024-11-21 14:35:37'),
(496, 50, 'How has Corporate Ethics influenced our lives?', '2024-11-21 14:35:37', '2024-11-21 14:35:37'),
(497, 50, 'What role does Corporate Ethics play in the world today?', '2024-11-21 14:35:37', '2024-11-21 14:35:37'),
(498, 50, 'Can you share a personal experience related to Corporate Ethics?', '2024-11-21 14:35:37', '2024-11-21 14:35:37'),
(499, 50, 'How do you think Corporate Ethics will change in the future?', '2024-11-21 14:35:37', '2024-11-21 14:35:37'),
(500, 50, 'What do you think about Corporate Ethics?', '2024-11-21 14:35:37', '2024-11-21 14:35:37');